{
  "scenario": "cluster_einstein_map",
  "source_profile": {
    "profile_r_max": 8000.0,
    "profile_samples": 4096.0,
    "max_mu": 5.858294776917482,
    "max_source": 0.001,
    "max_field_equation_residual": 1.7329820659899367e-05,
    "source_kind": "gaussian",
    "source_amplitude": 0.001,
    "source_sigma": 180.0,
    "source_core_radius": 60.0,
    "source_scale_radius": 350.0,
    "source_beta": 0.8,
    "source_outer_slope": 3.0
  },
  "metric_metadata": {
    "profile_r_max": 8000.0,
    "profile_samples": 4096.0,
    "max_mu": 5.858294776917482,
    "max_source": 0.001,
    "max_field_equation_residual": 1.7329820659899367e-05,
    "source_kind": "gaussian",
    "source_amplitude": 0.001,
    "source_sigma": 180.0,
    "source_core_radius": 60.0,
    "source_scale_radius": 350.0,
    "source_beta": 0.8,
    "source_outer_slope": 3.0,
    "density_scale": 1e-06,
    "gravity_scale": 1.0,
    "max_energy_density": 1.7160013376635341e-09,
    "max_radial_pressure": 1.8147933104070454e-13,
    "max_compactness_2GM_over_r": 0.0005369298354462174,
    "minimum_photon_lapse": 0.9996453525556064,
    "gravity_scaled_mass": 0.11708353745222481,
    "exterior_match_radius": 1025.6410256410256,
    "exterior_match_mass": 0.1170834213293189,
    "exterior_match_tolerance": 1e-06
  },
  "radial_profile": {
    "impact_parameters": [
      40.0,
      44.11773247166451,
      48.65935796103402,
      53.66851341919645,
      59.193327929501166,
      65.28688514253099,
      72.00773331566177,
      79.42044785778326,
      87.59625178423659,
      96.61370004343789,
      106.55943429035084,
      117.52901535884027,
      129.6278414314867,
      142.97216072884194,
      157.69018844827167,
      173.9233386841804,
      191.8275831661842,
      211.5749498702922,
      233.3551759020847,
      257.3775305331596,
      283.87282590699016,
      313.0956347334996,
      345.3267362804634,
      380.87581416336315,
      420.0844318546665,
      463.32931450188426,
      511.0259685868458,
      563.6326742046923,
      621.6548883212869,
      685.6501013165251,
      756.2331934763029,
      834.0823428995017,
      919.9455415844836,
      1014.647782303119,
      1119.0989853154183,
      1234.3027410864206,
      1361.3659530073219,
      1501.509472770242,
      1656.0798305836886,
      1826.562172935266,
      2014.5945322105083,
      2221.9835652735323,
      2450.7219122293245,
      2703.0073421544876,
      2981.263869752918,
      3288.165045829958,
      3626.659645365117,
      4000.0
    ],
    "turning_radii": [
      39.99118342229026,
      44.10790582999813,
      48.648384432522626,
      53.656231582959855,
      59.17954757375872,
      65.2713802726559,
      71.99023540751392,
      79.40063706795581,
      87.57374880386071,
      96.58805670276485,
      106.53012664656484,
      117.4954395551097,
      129.58931674780737,
      142.92794309376805,
      157.63950113700855,
      173.86542242829702,
      191.7617750612833,
      211.50077999239437,
      233.2724803206741,
      257.2865522351142,
      283.7742717937398,
      312.9906487991252,
      345.21676821433425,
      380.76239778209714,
      419.96893808635105,
      463.21276765349944,
      510.9089941064532,
      563.5155730384287,
      621.5377673218211,
      685.5329843632567,
      756.1160816319091,
      833.9652344374044,
      919.8284356559657,
      1014.5306785109715,
      1118.981883514718,
      1234.185641000918,
      1361.2488544777489,
      1501.3923756512868,
      1655.9627347429478,
      1826.4450782544627,
      2014.4774385801363,
      2221.866472596095,
      2450.6048204167228,
      2702.890251124306,
      2981.1467794345854,
      3288.0479561556294,
      3626.542556273868,
      3999.882911438356
    ],
    "deflection_angle_rad": [
      7.973437345132339e-05,
      8.971776765420714e-05,
      0.00010124673041378429,
      0.00011474995503224505,
      0.00013054312753935093,
      0.0001492622664178711,
      0.00017144235299415556,
      0.00019783725667421592,
      0.00022931546831195249,
      0.0002668841432633684,
      0.0003116474640902922,
      0.000364702738843814,
      0.0004269935477010378,
      0.0004992575330891036,
      0.0005812777361922095,
      0.0006725514156751267,
      0.0007700348569152915,
      0.0008696678898632015,
      0.0009651872464089273,
      0.001048708493430972,
      0.0011118584944411758,
      0.0011468243373085052,
      0.0011493268471665097,
      0.0011199670099828474,
      0.0010641793037642344,
      0.000991052206654075,
      0.0009103695074563767,
      0.0008296709445958506,
      0.0007534097072561252,
      0.0006833442748117591,
      0.0006195546094862614,
      0.0005617322827733418,
      0.0005092856104793597,
      0.00046173226633339226,
      0.0004186206035829976,
      0.0003795382339659703,
      0.0003441048401553459,
      0.0003119802594171439,
      0.0002828558294920569,
      0.00025645008430386085,
      0.00023251059648377037,
      0.00021080585793820106,
      0.00019112704259960367,
      0.00017328639228519904,
      0.00015710999532103642,
      0.00014244451781353362,
      0.00012914850652201437,
      0.00011709325697850659
    ],
    "excess_roundtrip_time": [
      2.8506277337146457,
      2.851047301082872,
      2.85158442996908,
      2.8522746715170797,
      2.853167949040653,
      2.8543328871310223,
      2.855856413458241,
      2.8578554523701314,
      2.8604865545930807,
      2.8639500388526358,
      2.868499982607318,
      2.8744465269555803,
      2.882148850359954,
      2.8919990977447014,
      2.9043388060235884,
      2.9194617366592865,
      2.9372825862374157,
      2.957363108114805,
      2.9785910978971515,
      2.9990345822880045,
      3.0160531317524146,
      3.026401404145872,
      3.02714204689255,
      3.0163997906493023,
      2.9940032157464884,
      2.961680810782127,
      2.922404015844222,
      2.879085755092092,
      2.833944085636176,
      2.7882159088912886,
      2.7423022411821876,
      2.6964013944088947,
      2.6504759898234624,
      2.6045498326711822,
      2.5586302304582205,
      2.5127151792985387,
      2.4668021863908507,
      2.420891489862697,
      2.374983254063409,
      2.3290762602118775,
      2.2831717237713747,
      2.237268355616834,
      2.1913657885743305,
      2.1454657145077363,
      2.09956490577315,
      2.0536667395208497,
      2.0077692734776065,
      1.96187231130898
    ],
    "convergence": [
      2.1818137372554518e-06,
      2.2561536297660633e-06,
      2.3469933433619925e-06,
      2.455643238581822e-06,
      2.5827094395265897e-06,
      2.7333696744734875e-06,
      2.902493292643421e-06,
      3.0946960394926817e-06,
      3.3091632236619212e-06,
      3.543841962744834e-06,
      3.792542083729514e-06,
      4.043996627361143e-06,
      4.2846915798909625e-06,
      4.491096012008326e-06,
      4.641350672538368e-06,
      4.702494561754086e-06,
      4.634512090225166e-06,
      4.421044351617911e-06,
      4.0447898674374785e-06,
      3.5157407010955138e-06,
      2.867891733574073e-06,
      2.163663185292056e-06,
      1.4881092760949966e-06,
      9.153729288718167e-07,
      4.914464560656682e-07,
      2.238522041995916e-07,
      8.240437804162897e-08,
      2.1229339249878872e-08,
      9.849472391497982e-10,
      -3.6719519578211136e-09,
      -3.963666184501247e-09,
      -3.2691243944506448e-09,
      -2.7660054783966694e-09,
      -2.280663781750147e-09,
      -1.8623545134159258e-09,
      -1.5204209850236848e-09,
      -1.2479237466674816e-09,
      -1.0225237095774717e-09,
      -8.387379101061148e-10,
      -6.882860108636387e-10,
      -5.639741185536059e-10,
      -4.637991033771573e-10,
      -3.80437735727813e-10,
      -3.123424635614778e-10,
      -2.572162396254682e-10,
      -2.1028578962407305e-10,
      -1.726216196030914e-10,
      3.244742218212139e-10
    ],