{
  "scenario": "cluster_einstein_map",
  "source_profile": {
    "profile_r_max": 8000.0,
    "profile_samples": 4096.0,
    "max_mu": 3.535222561712142,
    "max_source": 0.001,
    "max_field_equation_residual": 2.7379519515985254e-05,
    "source_kind": "beta_model",
    "source_amplitude": 0.001,
    "source_sigma": 120.0,
    "source_core_radius": 120.0,
    "source_scale_radius": 350.0,
    "source_beta": 0.8,
    "source_outer_slope": 3.0
  },
  "metric_metadata": {
    "profile_r_max": 8000.0,
    "profile_samples": 4096.0,
    "max_mu": 3.535222561712142,
    "max_source": 0.001,
    "max_field_equation_residual": 2.7379519515985254e-05,
    "source_kind": "beta_model",
    "source_amplitude": 0.001,
    "source_sigma": 120.0,
    "source_core_radius": 120.0,
    "source_scale_radius": 350.0,
    "source_beta": 0.8,
    "source_outer_slope": 3.0,
    "density_scale": 1e-06,
    "gravity_scale": 1.0,
    "max_energy_density": 6.249397249113307e-10,
    "max_radial_pressure": 9.107258882359422e-18,
    "max_compactness_2GM_over_r": 0.00011613157691803735,
    "minimum_photon_lapse": 0.9999247767073046,
    "gravity_scaled_mass": 0.030226634707444588,
    "exterior_match_radius": 8000.0,
    "exterior_match_mass": 0.030226634707444588,
    "exterior_match_tolerance": 1e-06
  },
  "radial_profile": {
    "impact_parameters": [
      40.0,
      44.11773247166451,
      48.65935796103402,
      53.66851341919645,
      59.193327929501166,
      65.28688514253099,
      72.00773331566177,
      79.42044785778326,
      87.59625178423659,
      96.61370004343789,
      106.55943429035084,
      117.52901535884027,
      129.6278414314867,
      142.97216072884194,
      157.69018844827167,
      173.9233386841804,
      191.8275831661842,
      211.5749498702922,
      233.3551759020847,
      257.3775305331596,
      283.87282590699016,
      313.0956347334996,
      345.3267362804634,
      380.87581416336315,
      420.0844318546665,
      463.32931450188426,
      511.0259685868458,
      563.6326742046923,
      621.6548883212869,
      685.6501013165251,
      756.2331934763029,
      834.0823428995017,
      919.9455415844836,
      1014.647782303119,
      1119.0989853154183,
      1234.3027410864206,
      1361.3659530073219,
      1501.509472770242,
      1656.0798305836886,
      1826.562172935266,
      2014.5945322105083,
      2221.9835652735323,
      2450.7219122293245,
      2703.0073421544876,
      2981.263869752918,
      3288.165045829958,
      3626.659645365117,
      4000.0
    ],
    "turning_radii": [
      39.99764484687735,
      44.115103461666465,
      48.656418252963306,
      53.665220438333336,
      59.18963278462901,
      65.282731892617,
      72.00305852971402,
      79.4151804929179,
      87.59031338581647,
      96.60700577432262,
      106.55189435209479,
      117.52053742088188,
      129.6183339379728,
      142.96153626001208,
      157.67836816575516,
      173.9102560661484,
      191.8131882879742,
      211.55921200718805,
      233.33808590630525,
      257.35910175882407,
      283.8530939640173,
      313.07465585286263,
      345.30458460462114,
      380.8525780502298,
      420.06020951238816,
      463.30420934296876,
      511.00008475673394,
      563.6061126083813,
      621.627743456216,
      685.622459109229,
      756.2051301391201,
      834.0539247328772,
      919.9168253636678,
      1014.6188161425227,
      1119.069809740517,
      1234.2733900638987,
      1361.3364549947114,
      1501.479851582344,
      1656.0501061739933,
      1826.532362013972,
      2014.5646487657887,
      2221.953621037232,
      2450.6919170337364,
      2702.9773042381403,
      2981.233796023492,
      3288.134942072191,
      3626.629516426231,
      3999.969849947881
    ],
    "deflection_angle_rad": [
      3.288029943471216e-05,
      3.724691475159858e-05,
      4.230395697923939e-05,
      4.817432207637751e-05,
      5.4967343749989794e-05,
      6.280821189275088e-05,
      7.17888356778218e-05,
      8.198989831909032e-05,
      9.343526868388352e-05,
      0.00010609310637077485,
      0.0001198157935800026,
      0.0001344125902251747,
      0.0001494625198366073,
      0.0001646099237895271,
      0.0001792440817953711,
      0.00019294116444390497,
      0.0002049973660760429,
      0.00021499480096265344,
      0.0002225169234058022,
      0.00022729951380950908,
      0.0002292305393361005,
      0.00022833330468863267,
      0.00022479257458041246,
      0.00021889997589097376,
      0.00021102336920897358,
      0.00020158739998610287,
      0.0001910104007762925,
      0.00017969470851042502,
      0.00016800183160681215,
      0.0001562436622348784,
      0.0001446620542520094,
      0.00013344681492899468,
      0.0001227276020236978,
      0.0001125839848898913,
      0.00010306965182316219,
      9.420228056544744e-05,
      8.59794617480425e-05,
      7.838707663765376e-05,
      7.139807837663881e-05,
      6.49826909433493e-05,
      5.910617894944181e-05,
      5.3732964789610094e-05,
      4.882620211255073e-05,
      4.4351563369016134e-05,
      4.0274413089846917e-05,
      3.656242034288937e-05,
      3.3187015373137285e-05,
      3.011726481050303e-05
    ],
    "excess_roundtrip_time": [
      0.7113642041513231,
      0.7115479942876846,
      0.7117827464826405,
      0.7120833133521955,
      0.7124667850148398,
      0.7129550223762635,
      0.7135714713658672,
      0.7143442091182806,
      0.7152998300734907,
      0.7164658062683884,
      0.7178595789009705,
      0.7194933184655383,
      0.7213528605061583,
      0.7234146074333694,
      0.7256141288962681,
      0.727880438498687,
      0.7300820435339119,
      0.7320925277890638,
      0.7337593629781622,
      0.7349269847909454,
      0.7354424177901819,
      0.7351682956505101,
      0.7339967492152937,
      0.7318523097783327,
      0.7286944553488865,
      0.7245245018857531,
      0.7193738069327082,
      0.7132956058776472,
      0.7063688767375425,
      0.6986901180061977,
      0.6903480612090789,
      0.6814421208691783,
      0.6720509437436704,
      0.6622525053389836,
      0.6521163137222175,
      0.641696443548426,
      0.6310402273084037,
      0.6201868172211107,
      0.6091692674381193,
      0.5980148976668715,
      0.5867450784426183,
      0.5753804329433478,
      0.5639348007971421,
      0.5524225256813224,
      0.5408535061287694,
      0.5292360582388937,
      0.5175827188650146,
      0.5058949507365469
    ],
    "convergence": [
      9.286123860957116e-07,
      9.649639630475477e-07,
      1.0053333893250445e-06,
      1.0484771297602904e-06,
      1.0926772164863113e-06,
      1.1361566936801123e-06,
      1.1760892494520097e-06,
      1.2099018804005349e-06,
      1.2341858481350534e-06,
      1.2452166613503503e-06,
      1.2404068727509798e-06,
      1.2165332915404033e-06,
      1.1725968295776445e-06,
      1.1097499784000043e-06,
      1.0297031776686335e-06,
      9.360442463219494e-07,
      8.312816305708799e-07,
      7.229588823174583e-07,
      6.146809473158859e-07,
      5.111055658302251e-07,
      4.1556801669078116e-07,
      3.3046750698040784e-07,
      2.5725876063659414e-07,
      1.9613159346782758e-07,
      1.466075812932114e-07,
      1.0759725384007507e-07,
      7.75938329363279e-08,
      5.508551326815266e-08,
      3.8592154562877145e-08,
      2.6742884943483708e-08,
      1.8364324102813285e-08,
      1.2534851545993548e-08,
      8.498945079367253e-09,
      5.733412905662895e-09,
      3.862516937722102e-09,
      2.588722359019853e-09,
      1.7268633652312619e-09,
      1.1452466324809149e-09,
      7.519166156948147e-10,
      4.893282558234755e-10,
      3.1371838442465553e-10,
      1.9659418352982622e-10,
      1.191727304595957e-10,
      6.914810718410139e-11,
      3.6398883313681784e-11,
      1.6993107955510164e-11,
      5.463931932265819e-12,
      1.1222723897510858e-10
    ],