{
  "single_center_control": {
    "scenario": "single_center",
    "separation": 850.0,
    "subcluster_ratio": 0.45,
    "negative_kappa_fraction_resolved": 0.0,
    "negative_residual_fraction_resolved": 0.04789375638483264,
    "positive_residual_fraction_resolved": 0.07836067544017787,
    "residual_sign_flip_count": 22,
    "harmonic_m1": 0.05406345309153955,
    "harmonic_m2": 0.054063453091539544,
    "harmonic_m3": 0.05406345309153949,
    "harmonic_m4": 0.11360225802675013
  },
  "binary_equal_separation_sweep": [
    {
      "scenario": "binary_equal",
      "separation": 300.0,
      "subcluster_ratio": 0.45,
      "negative_kappa_fraction_resolved": 0.0,
      "negative_residual_fraction_resolved": 0.11982452977585481,
      "positive_residual_fraction_resolved": 0.11351481281173006,
      "residual_sign_flip_count": 12,
      "harmonic_m1": 0.007447392039025439,
      "harmonic_m2": 0.5175619915526781,
      "harmonic_m3": 0.0074473920390254866,
      "harmonic_m4": 0.026244043166794098
    },
    {
      "scenario": "binary_equal",
      "separation": 500.0,
      "subcluster_ratio": 0.45,
      "negative_kappa_fraction_resolved": 0.0,
      "negative_residual_fraction_resolved": 0.1145964785770086,
      "positive_residual_fraction_resolved": 0.09386455140917012,
      "residual_sign_flip_count": 14,
      "harmonic_m1": 0.0010838359418877295,
      "harmonic_m2": 0.5652579978669375,
      "harmonic_m3": 0.001083835941887692,
      "harmonic_m4": 0.1002854709211796
    },
    {
      "scenario": "binary_equal",
      "separation": 700.0,
      "subcluster_ratio": 0.45,
      "negative_kappa_fraction_resolved": 0.0,
      "negative_residual_fraction_resolved": 0.1111111111111111,
      "positive_residual_fraction_resolved": 0.10432065380686256,
      "residual_sign_flip_count": 10,
      "harmonic_m1": 0.0017889815185173075,
      "harmonic_m2": 0.5199748625327896,
      "harmonic_m3": 0.0017889815185172613,
      "harmonic_m4": 0.22049730482341137
    },
    {
      "scenario": "binary_equal",
      "separation": 850.0,
      "subcluster_ratio": 0.45,
      "negative_kappa_fraction_resolved": 0.0,
      "negative_residual_fraction_resolved": 0.1290186887807223,
      "positive_residual_fraction_resolved": 0.11429601586443122,
      "residual_sign_flip_count": 10,
      "harmonic_m1": 0.0014622142284153505,
      "harmonic_m2": 0.48547531503472907,
      "harmonic_m3": 0.0014622142284153282,
      "harmonic_m4": 0.3061814408977057
    },
    {
      "scenario": "binary_equal",
      "separation": 1000.0,
      "subcluster_ratio": 0.45,
      "negative_kappa_fraction_resolved": 0.0,
      "negative_residual_fraction_resolved": 0.13442701760711495,
      "positive_residual_fraction_resolved": 0.11754101316026681,
      "residual_sign_flip_count": 6,
      "harmonic_m1": 0.0010518222801184482,
      "harmonic_m2": 0.44638025717643365,
      "harmonic_m3": 0.0010518222801184191,
      "harmonic_m4": 0.37511212731949856
    },
    {
      "scenario": "binary_equal",
      "separation": 1300.0,
      "subcluster_ratio": 0.45,
      "negative_kappa_fraction_resolved": 0.0,
      "negative_residual_fraction_resolved": 0.16158884682410912,
      "positive_residual_fraction_resolved": 0.11369509043927649,
      "residual_sign_flip_count": 6,
      "harmonic_m1": 0.00043174957649412467,
      "harmonic_m2": 0.36002031400109147,
      "harmonic_m3": 0.00043174957649411686,
      "harmonic_m4": 0.45221129539622146
    }
  ],
  "bullet_offset_separation_sweep": [
    {
      "scenario": "bullet_offset",
      "separation": 450.0,
      "subcluster_ratio": 0.45,
      "negative_kappa_fraction_resolved": 0.0,
      "negative_residual_fraction_resolved": 0.08527131782945736,
      "positive_residual_fraction_resolved": 0.10059491617090319,
      "residual_sign_flip_count": 8,
      "harmonic_m1": 0.37225091442528485,
      "harmonic_m2": 0.249523136262626,
      "harmonic_m3": 0.019189520349862696,
      "harmonic_m4": 0.021944176012444513
    },
    {
      "scenario": "bullet_offset",
      "separation": 650.0,
      "subcluster_ratio": 0.45,
      "negative_kappa_fraction_resolved": 0.0,
      "negative_residual_fraction_resolved": 0.08202632053362177,
      "positive_residual_fraction_resolved": 0.07848086052520882,
      "residual_sign_flip_count": 6,
      "harmonic_m1": 0.3440226190585225,
      "harmonic_m2": 0.30163771694102004,
      "harmonic_m3": 0.05110430656304488,
      "harmonic_m4": 0.06246573437913364
    },
    {
      "scenario": "bullet_offset",
      "separation": 850.0,
      "subcluster_ratio": 0.45,
      "negative_kappa_fraction_resolved": 0.0,
      "negative_residual_fraction_resolved": 0.09909260260801635,
      "positive_residual_fraction_resolved": 0.07559641848446608,
      "residual_sign_flip_count": 6,
      "harmonic_m1": 0.32232361037571794,
      "harmonic_m2": 0.3479936531353037,
      "harmonic_m3": 0.13779941832231316,
      "harmonic_m4": 0.1104192691636889
    },
    {
      "scenario": "bullet_offset",
      "separation": 1100.0,
      "subcluster_ratio": 0.45,
      "negative_kappa_fraction_resolved": 0.0,
      "negative_residual_fraction_resolved": 0.11513731145964785,
      "positive_residual_fraction_resolved": 0.07379364220900186,
      "residual_sign_flip_count": 6,
      "harmonic_m1": 0.2835495967457341,
      "harmonic_m2": 0.3814123014140012,
      "harmonic_m3": 0.24104179212679303,
      "harmonic_m4": 0.18732737188457305
    },
    {
      "scenario": "bullet_offset",
      "separation": 1300.0,
      "subcluster_ratio": 0.45,
      "negative_kappa_fraction_resolved": 0.0,
      "negative_residual_fraction_resolved": 0.12637461691004145,
      "positive_residual_fraction_resolved": 0.07986298900306472,
      "residual_sign_flip_count": 6,
      "harmonic_m1": 0.25488882022296533,
      "harmonic_m2": 0.39369852441231973,
      "harmonic_m3": 0.30796140652433696,
      "harmonic_m4": 0.258201957589232
    }
  ],
  "bullet_offset_ratio_sweep": [
    {
      "scenario": "bullet_offset",
      "separation": 850.0,
      "subcluster_ratio": 0.2,
      "negative_kappa_fraction_resolved": 0.0,
      "negative_residual_fraction_resolved": 0.08076437714079683,
      "positive_residual_fraction_resolved": 0.08286761612883842,
      "residual_sign_flip_count": 10,
      "harmonic_m1": 0.3859461119299067,
      "harmonic_m2": 0.18907385717776973,
      "harmonic_m3": 0.020988994358653812,
      "harmonic_m4": 0.0056565222613238104
    },
    {
      "scenario": "bullet_offset",
      "separation": 850.0,
      "subcluster_ratio": 0.35,
      "negative_kappa_fraction_resolved": 0.0,
      "negative_residual_fraction_resolved": 0.0909200168259119,
      "positive_residual_fraction_resolved": 0.07445466017667207,
      "residual_sign_flip_count": 6,
      "harmonic_m1": 0.35162283276086814,
      "harmonic_m2": 0.3012163297308329,
      "harmonic_m3": 0.1040975784058396,
      "harmonic_m4": 0.05681682203285892
    },
    {
      "scenario": "bullet_offset",
      "separation": 850.0,
      "subcluster_ratio": 0.45,
      "negative_kappa_fraction_resolved": 0.0,
      "negative_residual_fraction_resolved": 0.09909260260801635,
      "positive_residual_fraction_resolved": 0.07559641848446608,
      "residual_sign_flip_count": 6,
      "harmonic_m1": 0.32232361037571794,
      "harmonic_m2": 0.3479936531353037,
      "harmonic_m3": 0.13779941832231316,
      "harmonic_m4": 0.1104192691636889
    },
    {
      "scenario": "bullet_offset",
      "separation": 850.0,
      "subcluster_ratio": 0.6,
      "negative_kappa_fraction_resolved": 0.0,
      "negative_residual_fraction_resolved": 0.10383991346673878,
      "positive_residual_fraction_resolved": 0.0757766961120125,
      "residual_sign_flip_count": 6,
      "harmonic_m1": 0.2747550402881265,
      "harmonic_m2": 0.39382246527500214,
      "harmonic_m3": 0.17674696872797468,