{
  "scenario": "cluster_einstein_map",
  "source_profile": {
    "profile_r_max": 8000.0,
    "profile_samples": 4096.0,
    "max_mu": 2.318043006972459,
    "max_source": 0.001,
    "max_field_equation_residual": 6.707577957860392e-05,
    "source_kind": "softened_nfw",
    "source_amplitude": 0.001,
    "source_sigma": 120.0,
    "source_core_radius": 80.0,
    "source_scale_radius": 500.0,
    "source_beta": 0.8,
    "source_outer_slope": 3.0
  },
  "metric_metadata": {
    "profile_r_max": 8000.0,
    "profile_samples": 4096.0,
    "max_mu": 2.318043006972459,
    "max_source": 0.001,
    "max_field_equation_residual": 6.707577957860392e-05,
    "source_kind": "softened_nfw",
    "source_amplitude": 0.001,
    "source_sigma": 120.0,
    "source_core_radius": 80.0,
    "source_scale_radius": 500.0,
    "source_beta": 0.8,
    "source_outer_slope": 3.0,
    "density_scale": 1e-06,
    "gravity_scale": 1.0,
    "max_energy_density": 2.68782359088448e-10,
    "max_radial_pressure": 6.155208984430934e-18,
    "max_compactness_2GM_over_r": 5.898200334248065e-05,
    "minimum_photon_lapse": 0.9999663834237942,
    "gravity_scaled_mass": 0.02212820864093255,
    "exterior_match_radius": 8000.0,
    "exterior_match_mass": 0.02212820864093255,
    "exterior_match_tolerance": 1e-06
  },
  "radial_profile": {
    "impact_parameters": [
      40.0,
      44.11773247166451,
      48.65935796103402,
      53.66851341919645,
      59.193327929501166,
      65.28688514253099,
      72.00773331566177,
      79.42044785778326,
      87.59625178423659,
      96.61370004343789,
      106.55943429035084,
      117.52901535884027,
      129.6278414314867,
      142.97216072884194,
      157.69018844827167,
      173.9233386841804,
      191.8275831661842,
      211.5749498702922,
      233.3551759020847,
      257.3775305331596,
      283.87282590699016,
      313.0956347334996,
      345.3267362804634,
      380.87581416336315,
      420.0844318546665,
      463.32931450188426,
      511.0259685868458,
      563.6326742046923,
      621.6548883212869,
      685.6501013165251,
      756.2331934763029,
      834.0823428995017,
      919.9455415844836,
      1014.647782303119,
      1119.0989853154183,
      1234.3027410864206,
      1361.3659530073219,
      1501.509472770242,
      1656.0798305836886,
      1826.562172935266,
      2014.5945322105083,
      2221.9835652735323,
      2450.7219122293245,
      2703.0073421544876,
      2981.263869752918,
      3288.165045829958,
      3626.659645365117,
      4000.0
    ],
    "turning_radii": [
      39.999125724200205,
      44.11675561755255,
      48.658264483613635,
      53.66728696389302,
      59.191949518562765,
      65.2853327182867,
      72.0059813262191,
      79.41846680118265,
      87.59400778870832,
      96.6111544996087,
      106.55654356101684,
      117.52573066436645,
      129.62410899362965,
      142.96792210166262,
      157.68538135357647,
      173.9178980938769,
      191.82144306527118,
      211.56804516282347,
      233.34744491756928,
      257.36891770024647,
      283.86328457116616,
      313.08512973883626,
      345.3152462159554,
      380.8633329056545,
      420.0709693031005,
      463.3148962677368,
      511.01063473356623,
      563.6164771519093,
      621.6378901256542,
      685.6323706231582,
      756.2148024524332,
      834.0633644449342,
      919.9260469524033,
      1014.6278392697768,
      1119.0786568932913,
      1234.2820846985524,
      1361.3450201087355,
      1501.4883087712392,
      1656.0584750281146,
      1826.540659830838,
      2014.5728904638736,
      2221.961819215544,
      2450.7000821335505,
      2702.9854447634857,
      2981.2419187786654,
      3288.1430524112793,
      3626.637618489394,
      3999.9779468733004
    ],
    "deflection_angle_rad": [
      1.1841325061379138e-05,
      1.338643784309923e-05,
      1.5158753850830209e-05,
      1.7192854367298338e-05,
      1.9518245236493925e-05,
      2.2177569801495878e-05,
      2.519787304766652e-05,
      2.8612888376855494e-05,
      3.244632260113178e-05,
      3.671680252947951e-05,
      4.1426322377802194e-05,
      4.6567515179063435e-05,
      5.209573006448309e-05,
      5.796525309742506e-05,
      6.407833023702736e-05,
      7.035417236611607e-05,
      7.661622254406808e-05,
      8.27316270113343e-05,
      8.852346795773514e-05,
      9.381123579954576e-05,
      9.842439867790986e-05,
      0.00010219765172303497,
      0.00010500061448137643,
      0.00010674707099811442,
      0.00010738723605108191,
      0.00010691916854987937,
      0.00010539731569592092,
      0.00010291435725218179,
      9.959274869686396e-05,
      9.55781071985129e-05,
      9.102877457811687e-05,
      8.609819026972332e-05,
      8.09337152678502e-05,
      7.566093769995064e-05,
      7.039434746802797e-05,
      6.52201902440197e-05,
      6.020927490313355e-05,
      5.541107692819125e-05,
      5.086088084604867e-05,
      4.657994702705892e-05,
      4.258027091363914e-05,
      3.886327040802939e-05,
      3.5425023623858465e-05,
      3.225633797976357e-05,
      2.9345466938668352e-05,
      2.667854944427006e-05,
      2.4240897236182946e-05,
      2.2015483294168803e-05
    ],
    "excess_roundtrip_time": [
      0.4834343286929652,
      0.48349934141151607,
      0.4835816367994994,
      0.48368573433253914,
      0.48381709327804856,
      0.4839826046663802,
      0.48418994701933116,
      0.48444856371497735,
      0.4847687000001315,
      0.4851621544803493,
      0.4856405413884204,
      0.48621639210614376,
      0.4868994684657082,
      0.4876990921620745,
      0.48861783684697,
      0.4896574730228167,
      0.49080220464384183,
      0.49203416373347864,
      0.49332026738557033,
      0.49461591901490465,
      0.49586178379831836,
      0.49698506758431904,
      0.49790412391303107,
      0.4985345317691099,
      0.49878711125347763,
      0.4985767311300151,
      0.4978317405330017,
      0.496494645049097,
      0.4945237258216366,
      0.4918986475968268,
      0.48861830940586515,
      0.4846997178392485,
      0.48017217486631125,
      0.47507642349228263,
      0.46946248912718147,
      0.4633803670294583,
      0.4568839743442368,
      0.45002333872253075,
      0.44284867143142037,
      0.43540451070293784,
      0.42773281928384677,
      0.41987028310541064,
      0.4118488804961089,
      0.40369611681671813,
      0.39543594600399956,
      0.3870880996109918,
      0.37867249693954363,
      0.3701994044240564
    ],
    "convergence": [
      3.3206604189644564e-07,
      3.428970819126552e-07,
      3.546488840759559e-07,
      3.667389333708435e-07,
      3.790075210954118e-07,
      3.9114047207780105e-07,
      4.023506415649775e-07,
      4.12428564230633e-07,
      4.2076004844494395e-07,
      4.267946304838033e-07,
      4.299902859559183e-07,
      4.29654287458184e-07,
      4.2534569658920336e-07,
      4.1681458184981675e-07,
      4.04017830786485e-07,
      3.86796999401908e-07,
      3.6504969846604866e-07,
      3.399502953402919e-07,
      3.1174608587605823e-07,
      2.813652296948704e-07,
      2.497188052042503e-07,
      2.177422367261777e-07,
      1.8651700792038568e-07,
      1.5689891116592015e-07,
      1.295243999183112e-07,
      1.0495677532831919e-07,
      8.353403047586892e-08,
      6.530714176827345e-08,
      5.0174901986758783e-08,
      3.7923184351506e-08,
      2.822479270061837e-08,
      2.070281163967422e-08,
      1.497732518689028e-08,
      1.0695272021751758e-08,
      7.550279463584458e-09,
      5.265454520704032e-09,
      3.6313959145019816e-09,
      2.4741862618973025e-09,
      1.6657476154110188e-09,
      1.1082449049951247e-09,
      7.284602253827247e-10,
      4.712407515104065e-10,
      2.994026524134591e-10,
      1.8580731225160012e-10,
      1.1223901735198413e-10,
      6.57197318212506e-11,
      3.6291840460066703e-11,
      9.686740974692175e-11
    ],