{
  "search_axis": "smooth_background_shift_parallel_arcsec",
  "fixed_parameters": {
    "source_kind": "softened_nfw",
    "amplitude_scaling_exponent": 0.75,
    "size_scaling_exponent": 0.6,
    "member_shift_parallel_arcsec": 10.0,
    "member_shift_perpendicular_arcsec": 0.0,
    "smooth_background_amplitude_fraction": 0.25,
    "smooth_background_size_multiplier": 6.0,
    "smooth_background_position_shrink": 0.75,
    "los_amplitude_fraction": 0.0
  },
  "rows": [
    {
      "smooth_background_shift_parallel_arcsec": -20.0,
      "n_models": 22,
      "median_objective": 1.1934898692125961,
      "median_pixel_pearson": 0.0011365952510799908,
      "median_pixel_spearman": 0.08563962065793998,
      "median_resolved_sign_agreement": 0.4766232267800706,
      "median_positive_jaccard": 0.189331177406563,
      "median_negative_jaccard": 0.2878551763544751,
      "median_harmonic_l2": 0.1743541080603887,
      "median_member_score_pearson": 0.19598605376175954,
      "median_member_score_spearman": 0.2080417556894243,
      "median_member_pass_agreement": 0.80625,
      "aligned_global_summary": {
        "n_models": 22,
        "median_objective": 1.4744002536864236,
        "median_pixel_pearson": -0.006679745560677456,
        "median_pixel_spearman": 0.09763058081339682,
        "median_resolved_sign_agreement": 0.48395132970357946,
        "median_positive_jaccard": 0.18077884188722834,
        "median_negative_jaccard": 0.2976685393258427,
        "median_harmonic_l2": 0.17103357249243814,
        "median_member_score_pearson": 0.3656001472687093,
        "median_member_score_spearman": 0.5003533384918536,
        "median_member_pass_agreement": 0.875
      },
      "cluster_summaries": {
        "abell370": {
          "n_models": 11,
          "median_objective": 1.2364925568620937,
          "median_pixel_pearson": -0.019223065113856273,
          "median_pixel_spearman": 0.1473825969379164,
          "median_resolved_sign_agreement": 0.49028716216216217,
          "median_positive_jaccard": 0.1053627760252366,
          "median_negative_jaccard": 0.3479289940828402,
          "median_harmonic_l2": 0.1641183053083732,
          "median_member_score_pearson": 0.2655344475593284,
          "median_member_score_spearman": 0.2165847419532838,
          "median_member_pass_agreement": 0.8947368421052632
        },
        "rxcj2248": {
          "n_models": 11,
          "median_objective": 1.1023523231755752,
          "median_pixel_pearson": 0.012278364367539662,
          "median_pixel_spearman": 0.08296862381890054,
          "median_resolved_sign_agreement": 0.44772463581281424,
          "median_positive_jaccard": 0.21686598446554062,
          "median_negative_jaccard": 0.2800958275104811,
          "median_harmonic_l2": 0.18458991081240422,
          "median_member_score_pearson": 0.11053613156373067,
          "median_member_score_spearman": 0.20338825785165113,
          "median_member_pass_agreement": 0.725
        }
      }
    },
    {
      "smooth_background_shift_parallel_arcsec": -10.0,
      "n_models": 22,
      "median_objective": 1.2215745290587887,
      "median_pixel_pearson": 0.008626317156101376,
      "median_pixel_spearman": 0.08919601866803067,
      "median_resolved_sign_agreement": 0.4725308909498907,
      "median_positive_jaccard": 0.1886000345120788,
      "median_negative_jaccard": 0.2717418276934306,
      "median_harmonic_l2": 0.18686408532361795,
      "median_member_score_pearson": 0.21649111303984947,
      "median_member_score_spearman": 0.2616652599664412,
      "median_member_pass_agreement": 0.85,
      "aligned_global_summary": {
        "n_models": 22,
        "median_objective": 1.4816935006398453,
        "median_pixel_pearson": 0.010462876577696172,
        "median_pixel_spearman": 0.10303853791394696,
        "median_resolved_sign_agreement": 0.4658537503287965,
        "median_positive_jaccard": 0.20275694154962542,
        "median_negative_jaccard": 0.27128718754046793,
        "median_harmonic_l2": 0.18168741427810126,
        "median_member_score_pearson": 0.3366545275073114,
        "median_member_score_spearman": 0.5000365234055925,
        "median_member_pass_agreement": 0.875
      },
      "cluster_summaries": {
        "abell370": {
          "n_models": 11,
          "median_objective": 1.2236916018181785,
          "median_pixel_pearson": 0.005395012749501208,
          "median_pixel_spearman": 0.14362788176446156,
          "median_resolved_sign_agreement": 0.49201773835920176,
          "median_positive_jaccard": 0.11375,
          "median_negative_jaccard": 0.3525267993874426,
          "median_harmonic_l2": 0.17516986828845452,
          "median_member_score_pearson": 0.19119179537365538,
          "median_member_score_spearman": 0.15647484363795247,
          "median_member_pass_agreement": 0.868421052631579
        },
        "rxcj2248": {
          "n_models": 11,
          "median_objective": 1.217678199532398,
          "median_pixel_pearson": 0.02030015478852356,
          "median_pixel_spearman": 0.0692748436115196,
          "median_resolved_sign_agreement": 0.4355333844973139,
          "median_positive_jaccard": 0.216797583081571,
          "median_negative_jaccard": 0.2529494101179764,
          "median_harmonic_l2": 0.19855830235878139,
          "median_member_score_pearson": 0.22393813507428148,
          "median_member_score_spearman": 0.2839181885229827,
          "median_member_pass_agreement": 0.825
        }
      }
    },
    {
      "smooth_background_shift_parallel_arcsec": 0.0,
      "n_models": 22,
      "median_objective": 1.2144772600484595,
      "median_pixel_pearson": 0.005751401748413723,
      "median_pixel_spearman": 0.1035702878161108,
      "median_resolved_sign_agreement": 0.4850499534704054,
      "median_positive_jaccard": 0.18595331813204424,
      "median_negative_jaccard": 0.2685192147034252,
      "median_harmonic_l2": 0.2028831956497496,
      "median_member_score_pearson": 0.24251157653063102,
      "median_member_score_spearman": 0.2288348703920557,
      "median_member_pass_agreement": 0.825,
      "aligned_global_summary": {
        "n_models": 22,
        "median_objective": 1.500657110503309,
        "median_pixel_pearson": 0.01683631166990108,
        "median_pixel_spearman": 0.118963449305175,
        "median_resolved_sign_agreement": 0.4837571921991365,
        "median_positive_jaccard": 0.1897433780429688,
        "median_negative_jaccard": 0.2858565160476525,
        "median_harmonic_l2": 0.16938894825036288,
        "median_member_score_pearson": 0.2869603943140395,
        "median_member_score_spearman": 0.5116441554849347,
        "median_member_pass_agreement": 0.8717105263157895
      },
      "cluster_summaries": {
        "abell370": {
          "n_models": 11,
          "median_objective": 1.2797462160179647,
          "median_pixel_pearson": -0.011410581273542058,
          "median_pixel_spearman": 0.15814435013061787,
          "median_resolved_sign_agreement": 0.5048543689320388,
          "median_positive_jaccard": 0.08833010960670536,
          "median_negative_jaccard": 0.371712158808933,
          "median_harmonic_l2": 0.1907471721088537,
          "median_member_score_pearson": 0.1777131228301465,
          "median_member_score_spearman": 0.2302093786488266,
          "median_member_pass_agreement": 0.868421052631579
        },
        "rxcj2248": {
          "n_models": 11,
          "median_objective": 1.1551049428823807,
          "median_pixel_pearson": 0.013386605089807052,
          "median_pixel_spearman": 0.08558861889897587,
          "median_resolved_sign_agreement": 0.4207383279044517,
          "median_positive_jaccard": 0.21345901443741797,
          "median_negative_jaccard": 0.2618094475580464,
          "median_harmonic_l2": 0.21501921919064548,
          "median_member_score_pearson": 0.2588829149384821,
          "median_member_score_spearman": 0.22746036213528475,