{
  "variants": [
    {
      "name": "elliptic_smooth_plus_los",
      "global_summary": {
        "n_models": 22,
        "median_objective": 1.316164592040829,
        "median_pixel_pearson": -0.00048511455484739245,
        "median_pixel_spearman": 0.1039909119453635,
        "median_resolved_sign_agreement": 0.5093238043768982,
        "median_positive_jaccard": 0.13826802190259643,
        "median_negative_jaccard": 0.33827334082950533,
        "median_harmonic_l2": 0.12707502825953576,
        "median_member_score_pearson": 0.22119927231949404,
        "median_member_score_spearman": 0.24555770569478275,
        "median_member_pass_agreement": 0.875
      },
      "aligned_global_summary": {
        "n_models": 22,
        "median_objective": 1.484165755629736,
        "median_pixel_pearson": 0.0019311565145973954,
        "median_pixel_spearman": 0.12657025459361426,
        "median_resolved_sign_agreement": 0.5136827030087867,
        "median_positive_jaccard": 0.13287000996293144,
        "median_negative_jaccard": 0.35292957181124224,
        "median_harmonic_l2": 0.1319799920150072,
        "median_member_score_pearson": 0.2883294003154052,
        "median_member_score_spearman": 0.4140920127791903,
        "median_member_pass_agreement": 0.875
      },
      "cluster_summaries": {
        "abell370": {
          "summary": {
            "n_models": 11,
            "median_objective": 1.3249648239544296,
            "median_pixel_pearson": 0.0066076661943792695,
            "median_pixel_spearman": 0.13666023700765187,
            "median_resolved_sign_agreement": 0.5331911490269261,
            "median_positive_jaccard": 0.1245674740484429,
            "median_negative_jaccard": 0.403094923570485,
            "median_harmonic_l2": 0.13331753609449296,
            "median_member_score_pearson": 0.24370456775842672,
            "median_member_score_spearman": 0.2389186880044836,
            "median_member_pass_agreement": 0.8717948717948718
          },
          "aligned_summary": {
            "n_models": 11,
            "median_objective": 1.5206007534024755,
            "median_pixel_pearson": 0.0105961169440431,
            "median_pixel_spearman": 0.21453820198517354,
            "median_resolved_sign_agreement": 0.5461254612546126,
            "median_positive_jaccard": 0.1268882175226586,
            "median_negative_jaccard": 0.41424041510521764,
            "median_harmonic_l2": 0.10949999912146274,
            "median_member_score_pearson": 0.3453183039206963,
            "median_member_score_spearman": 0.47729831144465296,
            "median_member_pass_agreement": 0.875
          },
          "structure_metadata": {
            "principal_axis_deg": 51.494136310553635,
            "member_shift_x_arcsec": 6.225947260340343,
            "member_shift_y_arcsec": 7.825444441784798,
            "smooth_background_shift_x_arcsec": 0.0,
            "smooth_background_shift_y_arcsec": 0.0,
            "smooth_background_split_parallel_arcsec": 0.0,
            "smooth_background_split_perpendicular_arcsec": 0.0,
            "smooth_background_position_shrink_parallel": 0.75,
            "smooth_background_position_shrink_perpendicular": 0.75,
            "smooth_background_axis_ratio": 0.7,
            "smooth_background_angle_offset_deg": 0.0,
            "line_of_sight_shift_x_arcsec": 24.90378904136137,
            "line_of_sight_shift_y_arcsec": 31.301777767139193,
            "line_of_sight_split_parallel_arcsec": 0.0,
            "line_of_sight_position_shrink_parallel": 0.6,
            "line_of_sight_position_shrink_perpendicular": 0.6,
            "line_of_sight_axis_ratio": 0.7,
            "line_of_sight_angle_offset_deg": 15.0,
            "member_component_count": 40,
            "smooth_background_component_count": 40,
            "line_of_sight_component_count": 40
          }
        },
        "rxcj2248": {
          "summary": {
            "n_models": 11,
            "median_objective": 1.3073643601272285,
            "median_pixel_pearson": -0.0019838759702159427,
            "median_pixel_spearman": 0.09646600542333993,
            "median_resolved_sign_agreement": 0.49902975420439843,
            "median_positive_jaccard": 0.15196856975674997,
            "median_negative_jaccard": 0.3090074584050488,
            "median_harmonic_l2": 0.126749567048831,
            "median_member_score_pearson": 0.19266959819440035,
            "median_member_score_spearman": 0.25219672338508187,
            "median_member_pass_agreement": 0.9
          },
          "aligned_summary": {
            "n_models": 11,
            "median_objective": 1.4720922812827955,
            "median_pixel_pearson": 0.00020193809698463363,
            "median_pixel_spearman": 0.11735387015325734,
            "median_resolved_sign_agreement": 0.5026298909557408,
            "median_positive_jaccard": 0.13885180240320427,
            "median_negative_jaccard": 0.3330257086354647,
            "median_harmonic_l2": 0.14521751033632802,
            "median_member_score_pearson": 0.2440499888537142,
            "median_member_score_spearman": 0.4043228393166942,
            "median_member_pass_agreement": 0.9
          },
          "structure_metadata": {
            "principal_axis_deg": 84.21730183607578,
            "member_shift_x_arcsec": 1.007558644666375,
            "member_shift_y_arcsec": 9.949111798424926,
            "smooth_background_shift_x_arcsec": 0.0,
            "smooth_background_shift_y_arcsec": 0.0,
            "smooth_background_split_parallel_arcsec": 0.0,
            "smooth_background_split_perpendicular_arcsec": 0.0,
            "smooth_background_position_shrink_parallel": 0.75,
            "smooth_background_position_shrink_perpendicular": 0.75,
            "smooth_background_axis_ratio": 0.7,
            "smooth_background_angle_offset_deg": 0.0,
            "line_of_sight_shift_x_arcsec": 4.0302345786655,
            "line_of_sight_shift_y_arcsec": 39.796447193699706,
            "line_of_sight_split_parallel_arcsec": 0.0,
            "line_of_sight_position_shrink_parallel": 0.6,
            "line_of_sight_position_shrink_perpendicular": 0.6,
            "line_of_sight_axis_ratio": 0.7,
            "line_of_sight_angle_offset_deg": 15.0,
            "member_component_count": 40,
            "smooth_background_component_count": 40,
            "line_of_sight_component_count": 40
          }
        }
      }
    },
    {
      "name": "isotropic_member_envelope",
      "global_summary": {
        "n_models": 22,
        "median_objective": 1.209094414953317,
        "median_pixel_pearson": -0.0003551220202919591,
        "median_pixel_spearman": 0.1135580433615952,
        "median_resolved_sign_agreement": 0.47709885057471263,
        "median_positive_jaccard": 0.1405389193391255,
        "median_negative_jaccard": 0.2677673300072047,
        "median_harmonic_l2": 0.19379786731528137,
        "median_member_score_pearson": 0.1267997917393508,
        "median_member_score_spearman": 0.18028956550316708,
        "median_member_pass_agreement": 0.85
      },
      "aligned_global_summary": {
        "n_models": 22,
        "median_objective": 1.4251213208260904,
        "median_pixel_pearson": 0.010301038419582416,
        "median_pixel_spearman": 0.1369553126091947,
        "median_resolved_sign_agreement": 0.4911224483864879,
        "median_positive_jaccard": 0.12999030269880085,
        "median_negative_jaccard": 0.28109292621736603,
        "median_harmonic_l2": 0.17690128812529476,
        "median_member_score_pearson": 0.21948526911704025,
        "median_member_score_spearman": 0.4013546538639974,
        "median_member_pass_agreement": 0.8733974358974359
      },
      "cluster_summaries": {
        "abell370": {
          "summary": {
            "n_models": 11,
            "median_objective": 1.1138896622810124,
            "median_pixel_pearson": 0.0017460497451791922,