{
  "search_axis": "gravity_scale",
  "fixed_parameters": {
    "source_kind": "softened_nfw",
    "member_shift_parallel_arcsec": 10.0,
    "member_shift_perpendicular_arcsec": 0.0,
    "smooth_background_amplitude_fraction": 0.25,
    "smooth_background_size_multiplier": 6.0,
    "smooth_background_minimum_size_scale": 1.0,
    "smooth_background_position_shrink": 0.75,
    "smooth_background_shift_parallel_arcsec": 0.0,
    "smooth_background_shift_perpendicular_arcsec": 0.0,
    "los_amplitude_fraction": 0.0,
    "los_size_multiplier": 8.0,
    "los_minimum_size_scale": 2.0,
    "los_position_shrink": 0.6,
    "los_shift_parallel_arcsec": 0.0,
    "los_shift_perpendicular_arcsec": 0.0
  },
  "rows": [
    {
      "gravity_scale": 0.25,
      "effective_backreaction_scale": 2.5e-13,
      "n_models": 22,
      "median_objective": 1.2124041529020966,
      "median_pixel_pearson": 0.00571300672163315,
      "median_pixel_spearman": 0.10160873512333482,
      "median_resolved_sign_agreement": 0.4817935830714757,
      "median_positive_jaccard": 0.18577745256792388,
      "median_negative_jaccard": 0.2797922129416448,
      "median_harmonic_l2": 0.20481294516810708,
      "median_member_score_pearson": 0.24126428782076131,
      "median_member_score_spearman": 0.1627679291716619,
      "median_member_pass_agreement": 0.8328947368421052,
      "aligned_global_summary": {
        "n_models": 22,
        "median_objective": 1.496951807572849,
        "median_pixel_pearson": 0.010207810490788415,
        "median_pixel_spearman": 0.11118579066040082,
        "median_resolved_sign_agreement": 0.48570469814715567,
        "median_positive_jaccard": 0.19485620222790434,
        "median_negative_jaccard": 0.30632752132740965,
        "median_harmonic_l2": 0.1675955434705258,
        "median_member_score_pearson": 0.3867135312517437,
        "median_member_score_spearman": 0.5078317380588071,
        "median_member_pass_agreement": 0.875
      }
    },
    {
      "gravity_scale": 0.5,
      "effective_backreaction_scale": 5e-13,
      "n_models": 22,
      "median_objective": 1.1976453047820201,
      "median_pixel_pearson": 0.007736634705804929,
      "median_pixel_spearman": 0.10970991658547019,
      "median_resolved_sign_agreement": 0.4875199378141789,
      "median_positive_jaccard": 0.18312182932758986,
      "median_negative_jaccard": 0.277719217066067,
      "median_harmonic_l2": 0.2036738483366424,
      "median_member_score_pearson": 0.2185845959545211,
      "median_member_score_spearman": 0.2000375422644048,
      "median_member_pass_agreement": 0.825,
      "aligned_global_summary": {
        "n_models": 22,
        "median_objective": 1.5211997983154042,
        "median_pixel_pearson": 0.010384398084338326,
        "median_pixel_spearman": 0.1335198107954274,
        "median_resolved_sign_agreement": 0.48173459884428105,
        "median_positive_jaccard": 0.20171617365437552,
        "median_negative_jaccard": 0.3082546425038426,
        "median_harmonic_l2": 0.17267735578374532,
        "median_member_score_pearson": 0.32018291395044546,
        "median_member_score_spearman": 0.4985802690483479,
        "median_member_pass_agreement": 0.875
      }
    },
    {
      "gravity_scale": 1.0,
      "effective_backreaction_scale": 1e-12,
      "n_models": 22,
      "median_objective": 1.2144772600484595,
      "median_pixel_pearson": 0.005751401748413723,
      "median_pixel_spearman": 0.1035702878161108,
      "median_resolved_sign_agreement": 0.4850499534704054,
      "median_positive_jaccard": 0.18595331813204424,
      "median_negative_jaccard": 0.2685192147034252,
      "median_harmonic_l2": 0.2028831956497496,
      "median_member_score_pearson": 0.24251157653063102,
      "median_member_score_spearman": 0.2288348703920557,
      "median_member_pass_agreement": 0.825,
      "aligned_global_summary": {
        "n_models": 22,
        "median_objective": 1.500657110503309,
        "median_pixel_pearson": 0.01683631166990108,
        "median_pixel_spearman": 0.118963449305175,
        "median_resolved_sign_agreement": 0.4837571921991365,
        "median_positive_jaccard": 0.1897433780429688,
        "median_negative_jaccard": 0.2858565160476525,
        "median_harmonic_l2": 0.16938894825036288,
        "median_member_score_pearson": 0.2869603943140395,
        "median_member_score_spearman": 0.5116441554849347,
        "median_member_pass_agreement": 0.8717105263157895
      }
    },
    {
      "gravity_scale": 2.0,
      "effective_backreaction_scale": 2e-12,
      "n_models": 22,
      "median_objective": 1.1937108515493842,
      "median_pixel_pearson": 0.009097765534349031,
      "median_pixel_spearman": 0.10781311762321097,
      "median_resolved_sign_agreement": 0.48584346973989734,
      "median_positive_jaccard": 0.18515996175549448,
      "median_negative_jaccard": 0.27347350832037465,
      "median_harmonic_l2": 0.20395418299520282,
      "median_member_score_pearson": 0.24329140582341519,
      "median_member_score_spearman": 0.22851040216693483,
      "median_member_pass_agreement": 0.8,
      "aligned_global_summary": {
        "n_models": 22,
        "median_objective": 1.505523137597124,
        "median_pixel_pearson": 0.013224666917769487,
        "median_pixel_spearman": 0.12413829472858781,
        "median_resolved_sign_agreement": 0.4838921581078983,
        "median_positive_jaccard": 0.1904542764939329,
        "median_negative_jaccard": 0.29696768445974836,
        "median_harmonic_l2": 0.17019737509559407,
        "median_member_score_pearson": 0.3248972115332132,
        "median_member_score_spearman": 0.5071411652124564,
        "median_member_pass_agreement": 0.875
      }
    },
    {
      "gravity_scale": 4.0,
      "effective_backreaction_scale": 4e-12,
      "n_models": 22,
      "median_objective": 1.2005158481907006,
      "median_pixel_pearson": 0.005173589941727184,
      "median_pixel_spearman": 0.07261897859013314,
      "median_resolved_sign_agreement": 0.49987627892498,
      "median_positive_jaccard": 0.17442110580605213,
      "median_negative_jaccard": 0.3607100927551718,
      "median_harmonic_l2": 0.2119328080003783,
      "median_member_score_pearson": 0.23359835091695275,
      "median_member_score_spearman": 0.1925036283854261,
      "median_member_pass_agreement": 0.825,
      "aligned_global_summary": {
        "n_models": 22,
        "median_objective": 1.5071612068340343,
        "median_pixel_pearson": 0.0017701637474307889,
        "median_pixel_spearman": 0.09951723866571173,
        "median_resolved_sign_agreement": 0.5127528327359248,
        "median_positive_jaccard": 0.19591033957460488,
        "median_negative_jaccard": 0.36827051601275623,
        "median_harmonic_l2": 0.18563369157126752,
        "median_member_score_pearson": 0.3409184444199218,
        "median_member_score_spearman": 0.49639069777202705,
        "median_member_pass_agreement": 0.875
      }
    }
  ],
  "best_row": {
    "gravity_scale": 1.0,
    "effective_backreaction_scale": 1e-12,
    "n_models": 22,
    "median_objective": 1.2144772600484595,
    "median_pixel_pearson": 0.005751401748413723,
    "median_pixel_spearman": 0.1035702878161108,
    "median_resolved_sign_agreement": 0.4850499534704054,
    "median_positive_jaccard": 0.18595331813204424,
    "median_negative_jaccard": 0.2685192147034252,
    "median_harmonic_l2": 0.2028831956497496,
    "median_member_score_pearson": 0.24251157653063102,
    "median_member_score_spearman": 0.2288348703920557,
    "median_member_pass_agreement": 0.825,
    "aligned_global_summary": {
      "n_models": 22,
      "median_objective": 1.500657110503309,
      "median_pixel_pearson": 0.01683631166990108,
      "median_pixel_spearman": 0.118963449305175,
      "median_resolved_sign_agreement": 0.4837571921991365,
      "median_positive_jaccard": 0.1897433780429688,
      "median_negative_jaccard": 0.2858565160476525,
      "median_harmonic_l2": 0.16938894825036288,